{"cameraMode":{"drawMode":0,"name":"Shaded","section":"Shading Mode"},"sceneLighting":false,"audioPlay":false,"sceneViewState":{"showFog":true,"showMaterialUpdate":false,"showSkybox":true,"showFlares":true,"showImageEffects":true,"showParticleSystems":true},"in2DMode":false,"pivot":{"x":-1.0047333240509034,"y":1.1885638236999512,"z":0.6928509473800659},"rotation":{"x":-0.09870576858520508,"y":0.7435262203216553,"z":-0.11260869354009628,"w":-0.651727020740509},"size":4.041658401489258,"orthographic":false}